"","affairs","gender","age","yearsmarried","children","religiousness","education","occupation","rating","aff_yes_no"
"4",0,"male",37,10,"no",3,18,7,4,"No"
"5",0,"female",27,4,"no",4,14,6,4,"No"
"11",0,"female",32,15,"yes",1,12,1,4,"No"
"16",0,"male",57,15,"yes",5,18,6,5,"No"
"23",0,"male",22,0.75,"no",2,17,6,3,"No"
"29",0,"female",32,1.5,"no",2,17,5,5,"No"
"44",0,"female",22,0.75,"no",2,12,1,3,"No"
"45",0,"male",57,15,"yes",2,14,4,4,"No"
"47",0,"female",32,15,"yes",4,16,1,2,"No"
"49",0,"male",22,1.5,"no",4,14,4,5,"No"
"50",0,"male",37,15,"yes",2,20,7,2,"No"
"55",0,"male",27,4,"yes",4,18,6,4,"No"
"64",0,"male",47,15,"yes",5,17,6,4,"No"
"80",0,"female",22,1.5,"no",2,17,5,4,"No"
"86",0,"female",27,4,"no",4,14,5,4,"No"
"93",0,"female",37,15,"yes",1,17,5,5,"No"
"108",0,"female",37,15,"yes",2,18,4,3,"No"
"114",0,"female",22,0.75,"no",3,16,5,4,"No"
"115",0,"female",22,1.5,"no",2,16,5,5,"No"
"116",0,"female",27,10,"yes",2,14,1,5,"No"
"123",0,"female",22,1.5,"no",2,16,5,5,"No"
"127",0,"female",22,1.5,"no",2,16,5,5,"No"
"129",0,"female",27,10,"yes",4,16,5,4,"No"
"134",0,"female",32,10,"yes",3,14,1,5,"No"
"137",0,"male",37,4,"yes",2,20,6,4,"No"
"139",0,"female",22,1.5,"no",2,18,5,5,"No"
"147",0,"female",27,7,"no",4,16,1,5,"No"
"151",0,"male",42,15,"yes",5,20,6,4,"No"
"153",0,"male",27,4,"yes",3,16,5,5,"No"
"155",0,"female",27,4,"yes",3,17,5,4,"No"
"162",0,"male",42,15,"yes",4,20,6,3,"No"
"163",0,"female",22,1.5,"no",3,16,5,5,"No"
"165",0,"male",27,0.417,"no",4,17,6,4,"No"
"168",0,"female",42,15,"yes",5,14,5,4,"No"
"170",0,"male",32,4,"yes",1,18,6,4,"No"
"172",0,"female",22,1.5,"no",4,16,5,3,"No"
"184",0,"female",42,15,"yes",3,12,1,4,"No"
"187",0,"female",22,4,"no",4,17,5,5,"No"
"192",0,"male",22,1.5,"yes",1,14,3,5,"No"
"194",0,"female",22,0.75,"no",3,16,1,5,"No"
"210",0,"male",32,10,"yes",5,20,6,5,"No"
"217",0,"male",52,15,"yes",5,18,6,3,"No"
"220",0,"female",22,0.417,"no",5,14,1,4,"No"
"224",0,"female",27,4,"yes",2,18,6,1,"No"
"227",0,"female",32,7,"yes",5,17,5,3,"No"
"228",0,"male",22,4,"no",3,16,5,5,"No"
"239",0,"female",27,7,"yes",4,18,6,5,"No"
"241",0,"female",42,15,"yes",2,18,5,4,"No"
"245",0,"male",27,1.5,"yes",4,16,3,5,"No"
"249",0,"male",42,15,"yes",2,20,6,4,"No"
"262",0,"female",22,0.75,"no",5,14,3,5,"No"
"265",0,"male",32,7,"yes",2,20,6,4,"No"
"267",0,"male",27,4,"yes",5,20,6,5,"No"
"269",0,"male",27,10,"yes",4,20,6,4,"No"
"271",0,"male",22,4,"no",1,18,5,5,"No"
"277",0,"female",37,15,"yes",4,14,3,1,"No"
"290",0,"male",22,1.5,"yes",5,16,4,4,"No"
"292",0,"female",37,15,"yes",4,17,1,5,"No"
"293",0,"female",27,0.75,"no",4,17,5,4,"No"
"295",0,"male",32,10,"yes",4,20,6,4,"No"
"299",0,"female",47,15,"yes",5,14,7,2,"No"
"320",0,"male",37,10,"yes",3,20,6,4,"No"
"321",0,"female",22,0.75,"no",2,16,5,5,"No"
"324",0,"male",27,4,"no",2,18,4,5,"No"
"334",0,"male",32,7,"no",4,20,6,4,"No"
"351",0,"male",42,15,"yes",2,17,3,5,"No"
"355",0,"male",37,10,"yes",4,20,6,4,"No"
"361",0,"female",47,15,"yes",3,17,6,5,"No"
"362",0,"female",22,1.5,"no",5,16,5,5,"No"
"366",0,"female",27,1.5,"no",2,16,6,4,"No"
"370",0,"female",27,4,"no",3,17,5,5,"No"
"374",0,"female",32,10,"yes",5,14,4,5,"No"
"378",0,"female",22,0.125,"no",2,12,5,5,"No"
"381",0,"male",47,15,"yes",4,14,4,3,"No"
"382",0,"male",32,15,"yes",1,14,5,5,"No"
"383",0,"male",27,7,"yes",4,16,5,5,"No"
"384",0,"female",22,1.5,"yes",3,16,5,5,"No"
"400",0,"male",27,4,"yes",3,17,6,5,"No"
"403",0,"female",22,1.5,"no",3,16,5,5,"No"
"409",0,"male",57,15,"yes",2,14,7,2,"No"
"412",0,"male",17.5,1.5,"yes",3,18,6,5,"No"
"413",0,"male",57,15,"yes",4,20,6,5,"No"
"416",0,"female",22,0.75,"no",2,16,3,4,"No"
"418",0,"male",42,4,"no",4,17,3,3,"No"
"422",0,"female",22,1.5,"yes",4,12,1,5,"No"
"435",0,"female",22,0.417,"no",1,17,6,4,"No"
"439",0,"female",32,15,"yes",4,17,5,5,"No"
"445",0,"female",27,1.5,"no",3,18,5,2,"No"
"447",0,"female",22,1.5,"yes",3,14,1,5,"No"
"448",0,"female",37,15,"yes",3,14,1,4,"No"
"449",0,"female",32,15,"yes",4,14,3,4,"No"
"478",0,"male",37,10,"yes",2,14,5,3,"No"
"482",0,"male",37,10,"yes",4,16,5,4,"No"
"486",0,"male",57,15,"yes",5,20,5,3,"No"
"489",0,"male",27,0.417,"no",1,16,3,4,"No"
"490",0,"female",42,15,"yes",5,14,1,5,"No"
"491",0,"male",57,15,"yes",3,16,6,1,"No"
"492",0,"male",37,10,"yes",1,16,6,4,"No"
"503",0,"male",37,15,"yes",3,17,5,5,"No"
"508",0,"male",37,15,"yes",4,20,6,5,"No"
"509",0,"female",27,10,"yes",5,14,1,5,"No"
"512",0,"male",37,10,"yes",2,18,6,4,"No"
"515",0,"female",22,0.125,"no",4,12,4,5,"No"
"517",0,"male",57,15,"yes",5,20,6,5,"No"
"532",0,"female",37,15,"yes",4,18,6,4,"No"
"533",0,"male",22,4,"yes",4,14,6,4,"No"
"535",0,"male",27,7,"yes",4,18,5,4,"No"
"537",0,"male",57,15,"yes",4,20,5,4,"No"
"538",0,"male",32,15,"yes",3,14,6,3,"No"
"543",0,"female",22,1.5,"no",2,14,5,4,"No"
"547",0,"female",32,7,"yes",4,17,1,5,"No"
"550",0,"female",37,15,"yes",4,17,6,5,"No"
"558",0,"female",32,1.5,"no",5,18,5,5,"No"
"571",0,"male",42,10,"yes",5,20,7,4,"No"
"578",0,"female",27,7,"no",3,16,5,4,"No"
"583",0,"male",37,15,"no",4,20,6,5,"No"
"586",0,"male",37,15,"yes",4,14,3,2,"No"
"594",0,"male",32,10,"no",5,18,6,4,"No"
"597",0,"female",22,0.75,"no",4,16,1,5,"No"
"602",0,"female",27,7,"yes",4,12,2,4,"No"
"603",0,"female",27,7,"yes",2,16,2,5,"No"
"604",0,"female",42,15,"yes",5,18,5,4,"No"
"612",0,"male",42,15,"yes",4,17,5,3,"No"
"613",0,"female",27,7,"yes",2,16,1,2,"No"
"621",0,"female",22,1.5,"no",3,16,5,5,"No"
"627",0,"male",37,15,"yes",5,20,6,5,"No"
"630",0,"female",22,0.125,"no",2,14,4,5,"No"
"631",0,"male",27,1.5,"no",4,16,5,5,"No"
"632",0,"male",32,1.5,"no",2,18,6,5,"No"
"639",0,"male",27,1.5,"no",2,17,6,5,"No"
"645",0,"female",27,10,"yes",4,16,1,3,"No"
"647",0,"male",42,15,"yes",4,18,6,5,"No"
"648",0,"female",27,1.5,"no",2,16,6,5,"No"
"651",0,"male",27,4,"no",2,18,6,3,"No"
"655",0,"female",32,10,"yes",3,14,5,3,"No"
"667",0,"female",32,15,"yes",3,18,5,4,"No"
"670",0,"female",22,0.75,"no",2,18,6,5,"No"
"671",0,"female",37,15,"yes",2,16,1,4,"No"
"673",0,"male",27,4,"yes",4,20,5,5,"No"
"701",0,"male",27,4,"no",1,20,5,4,"No"
"705",0,"female",27,10,"yes",2,12,1,4,"No"
"706",0,"female",32,15,"yes",5,18,6,4,"No"
"709",0,"male",27,7,"yes",5,12,5,3,"No"
"717",0,"male",52,15,"yes",2,18,5,4,"No"
"719",0,"male",27,4,"no",3,20,6,3,"No"
"723",0,"male",37,4,"yes",1,18,5,4,"No"
"724",0,"male",27,4,"yes",4,14,5,4,"No"
"726",0,"female",52,15,"yes",5,12,1,3,"No"
"734",0,"female",57,15,"yes",4,16,6,4,"No"
"735",0,"male",27,7,"yes",1,16,5,4,"No"
"736",0,"male",37,7,"yes",4,20,6,3,"No"
"737",0,"male",22,0.75,"no",2,14,4,3,"No"
"739",0,"male",32,4,"yes",2,18,5,3,"No"
"743",0,"male",37,15,"yes",4,20,6,3,"No"
"745",0,"male",22,0.75,"yes",2,14,4,3,"No"
"747",0,"male",42,15,"yes",4,20,6,3,"No"
"751",0,"female",52,15,"yes",5,17,1,1,"No"
"752",0,"female",37,15,"yes",4,14,1,2,"No"
"754",0,"male",27,7,"yes",4,14,5,3,"No"
"760",0,"male",32,4,"yes",2,16,5,5,"No"
"763",0,"female",27,4,"yes",2,18,6,5,"No"
"774",0,"female",27,4,"yes",2,18,5,5,"No"
"776",0,"male",37,15,"yes",5,18,6,5,"No"
"779",0,"female",47,15,"yes",5,12,5,4,"No"
"784",0,"female",32,10,"yes",3,17,1,4,"No"
"788",0,"female",27,1.5,"yes",4,17,1,2,"No"
"794",0,"female",57,15,"yes",2,18,5,2,"No"
"795",0,"female",22,1.5,"no",4,14,5,4,"No"
"798",0,"male",42,15,"yes",3,14,3,4,"No"
"800",0,"male",57,15,"yes",4,9,2,2,"No"
"803",0,"male",57,15,"yes",4,20,6,5,"No"
"807",0,"female",22,0.125,"no",4,14,4,5,"No"
"812",0,"female",32,10,"yes",4,14,1,5,"No"
"820",0,"female",42,15,"yes",3,18,5,4,"No"
"823",0,"female",27,1.5,"no",2,18,6,5,"No"
"830",0,"male",32,0.125,"yes",2,18,5,2,"No"
"843",0,"female",27,4,"no",3,16,5,4,"No"
"848",0,"female",27,10,"yes",2,16,1,4,"No"
"851",0,"female",32,7,"yes",4,16,1,3,"No"
"854",0,"female",37,15,"yes",4,14,5,4,"No"
"856",0,"female",42,15,"yes",5,17,6,2,"No"
"857",0,"male",32,1.5,"yes",4,14,6,5,"No"
"859",0,"female",32,4,"yes",3,17,5,3,"No"
"863",0,"female",37,7,"no",4,18,5,5,"No"
"865",0,"female",22,0.417,"yes",3,14,3,5,"No"
"867",0,"female",27,7,"yes",4,14,1,5,"No"
"870",0,"male",27,0.75,"no",3,16,5,5,"No"
"873",0,"male",27,4,"yes",2,20,5,5,"No"
"875",0,"male",32,10,"yes",4,16,4,5,"No"
"876",0,"male",32,15,"yes",1,14,5,5,"No"
"877",0,"male",22,0.75,"no",3,17,4,5,"No"
"880",0,"female",27,7,"yes",4,17,1,4,"No"
"903",0,"male",27,0.417,"yes",4,20,5,4,"No"
"904",0,"male",37,15,"yes",4,20,5,4,"No"
"905",0,"female",37,15,"yes",2,14,1,3,"No"
"908",0,"male",22,4,"yes",1,18,5,4,"No"
"909",0,"male",37,15,"yes",4,17,5,3,"No"
"910",0,"female",22,1.5,"no",2,14,4,5,"No"
"912",0,"male",52,15,"yes",4,14,6,2,"No"
"914",0,"female",22,1.5,"no",4,17,5,5,"No"
"915",0,"male",32,4,"yes",5,14,3,5,"No"
"916",0,"male",32,4,"yes",2,14,3,5,"No"
"920",0,"female",22,1.5,"no",3,16,6,5,"No"
"921",0,"male",27,0.75,"no",2,18,3,3,"No"
"925",0,"female",22,7,"yes",2,14,5,2,"No"
"926",0,"female",27,0.75,"no",2,17,5,3,"No"
"929",0,"female",37,15,"yes",4,12,1,2,"No"
"931",0,"female",22,1.5,"no",1,14,1,5,"No"
"945",0,"female",37,10,"no",2,12,4,4,"No"
"947",0,"female",37,15,"yes",4,18,5,3,"No"
"949",0,"female",42,15,"yes",3,12,3,3,"No"
"950",0,"male",22,4,"no",2,18,5,5,"No"
"961",0,"male",52,7,"yes",2,20,6,2,"No"
"965",0,"male",27,0.75,"no",2,17,5,5,"No"
"966",0,"female",27,4,"no",2,17,4,5,"No"
"967",0,"male",42,1.5,"no",5,20,6,5,"No"
"987",0,"male",22,1.5,"no",4,17,6,5,"No"
"990",0,"male",22,4,"no",4,17,5,3,"No"
"992",0,"female",22,4,"yes",1,14,5,4,"No"
"995",0,"male",37,15,"yes",5,20,4,5,"No"
"1009",0,"female",37,10,"yes",3,16,6,3,"No"
"1021",0,"male",42,15,"yes",4,17,6,5,"No"
"1026",0,"female",47,15,"yes",4,17,5,5,"No"
"1027",0,"male",22,1.5,"no",4,16,5,4,"No"
"1030",0,"female",32,10,"yes",3,12,1,4,"No"
"1031",0,"female",22,7,"yes",1,14,3,5,"No"
"1034",0,"female",32,10,"yes",4,17,5,4,"No"
"1037",0,"male",27,1.5,"yes",2,16,2,4,"No"
"1038",0,"male",37,15,"yes",4,14,5,5,"No"
"1039",0,"male",42,4,"yes",3,14,4,5,"No"
"1045",0,"female",37,15,"yes",5,14,5,4,"No"
"1046",0,"female",32,7,"yes",4,17,5,5,"No"
"1054",0,"female",42,15,"yes",4,18,6,5,"No"
"1059",0,"male",27,4,"no",4,18,6,4,"No"
"1063",0,"male",22,0.75,"no",4,18,6,5,"No"
"1068",0,"male",27,4,"yes",4,14,5,3,"No"
"1070",0,"female",22,0.75,"no",5,18,1,5,"No"
"1072",0,"female",52,15,"yes",5,9,5,5,"No"
"1073",0,"male",32,10,"yes",3,14,5,5,"No"
"1077",0,"female",37,15,"yes",4,16,4,4,"No"
"1081",0,"male",32,7,"yes",2,20,5,4,"No"
"1083",0,"female",42,15,"yes",3,18,1,4,"No"
"1084",0,"male",32,15,"yes",1,16,5,5,"No"
"1086",0,"male",27,4,"yes",3,18,5,5,"No"
"1087",0,"female",32,15,"yes",4,12,3,4,"No"
"1089",0,"male",22,0.75,"yes",3,14,2,4,"No"
"1096",0,"female",22,1.5,"no",3,16,5,3,"No"
"1102",0,"female",42,15,"yes",4,14,3,5,"No"
"1103",0,"female",52,15,"yes",3,16,5,4,"No"
"1107",0,"male",37,15,"yes",5,20,6,4,"No"
"1109",0,"female",47,15,"yes",4,12,2,3,"No"
"1115",0,"male",57,15,"yes",2,20,6,4,"No"
"1119",0,"male",32,7,"yes",4,17,5,5,"No"
"1124",0,"female",27,7,"yes",4,17,1,4,"No"
"1126",0,"male",22,1.5,"no",1,18,6,5,"No"
"1128",0,"female",22,4,"yes",3,9,1,4,"No"
"1129",0,"female",22,1.5,"no",2,14,1,5,"No"
"1130",0,"male",42,15,"yes",2,20,6,4,"No"
"1133",0,"male",57,15,"yes",4,9,2,4,"No"
"1140",0,"female",27,7,"yes",2,18,1,5,"No"
"1143",0,"female",22,4,"yes",3,14,1,5,"No"
"1146",0,"male",37,15,"yes",4,14,5,3,"No"
"1153",0,"male",32,7,"yes",1,18,6,4,"No"
"1156",0,"female",22,1.5,"no",2,14,5,5,"No"
"1157",0,"female",22,1.5,"yes",3,12,1,3,"No"
"1158",0,"male",52,15,"yes",2,14,5,5,"No"
"1160",0,"female",37,15,"yes",2,14,1,1,"No"
"1161",0,"female",32,10,"yes",2,14,5,5,"No"
"1166",0,"male",42,15,"yes",4,20,4,5,"No"
"1177",0,"female",27,4,"yes",3,18,4,5,"No"
"1178",0,"male",37,15,"yes",4,20,6,5,"No"
"1180",0,"male",27,1.5,"no",3,18,5,5,"No"
"1187",0,"female",22,0.125,"no",2,16,6,3,"No"
"1191",0,"male",32,10,"yes",2,20,6,3,"No"
"1195",0,"female",27,4,"no",4,18,5,4,"No"
"1207",0,"female",27,7,"yes",2,12,5,1,"No"
"1208",0,"male",32,4,"yes",5,18,6,3,"No"
"1209",0,"female",37,15,"yes",2,17,5,5,"No"
"1211",0,"male",47,15,"no",4,20,6,4,"No"
"1215",0,"male",27,1.5,"no",1,18,5,5,"No"
"1221",0,"male",37,15,"yes",4,20,6,4,"No"
"1226",0,"female",32,15,"yes",4,18,1,4,"No"
"1229",0,"female",32,7,"yes",4,17,5,4,"No"
"1231",0,"female",42,15,"yes",3,14,1,3,"No"
"1234",0,"female",27,7,"yes",3,16,1,4,"No"
"1235",0,"male",27,1.5,"no",3,16,4,2,"No"
"1242",0,"male",22,1.5,"no",3,16,3,5,"No"
"1245",0,"male",27,4,"yes",3,16,4,2,"No"
"1260",0,"female",27,7,"yes",3,12,1,2,"No"
"1266",0,"female",37,15,"yes",2,18,5,4,"No"
"1271",0,"female",37,7,"yes",3,14,4,4,"No"
"1273",0,"male",22,1.5,"no",2,16,5,5,"No"
"1276",0,"male",37,15,"yes",5,20,5,4,"No"
"1280",0,"female",22,1.5,"no",4,16,5,3,"No"
"1282",0,"female",32,10,"yes",4,16,1,5,"No"
"1285",0,"male",27,4,"no",2,17,5,3,"No"
"1295",0,"female",22,0.417,"no",4,14,5,5,"No"
"1298",0,"female",27,4,"no",2,18,5,5,"No"
"1299",0,"male",37,15,"yes",4,18,5,3,"No"
"1304",0,"male",37,10,"yes",5,20,7,4,"No"
"1305",0,"female",27,7,"yes",2,14,4,2,"No"
"1311",0,"male",32,4,"yes",2,16,5,5,"No"
"1314",0,"male",32,4,"yes",2,16,6,4,"No"
"1319",0,"male",22,1.5,"no",3,18,4,5,"No"
"1322",0,"female",22,4,"yes",4,14,3,4,"No"
"1324",0,"female",17.5,0.75,"no",2,18,5,4,"No"
"1327",0,"male",32,10,"yes",4,20,4,5,"No"
"1328",0,"female",32,0.75,"no",5,14,3,3,"No"
"1330",0,"male",37,15,"yes",4,17,5,3,"No"
"1332",0,"male",32,4,"no",3,14,4,5,"No"
"1333",0,"female",27,1.5,"no",2,17,3,2,"No"
"1336",0,"female",22,7,"yes",4,14,1,5,"No"
"1341",0,"male",47,15,"yes",5,14,6,5,"No"
"1344",0,"male",27,4,"yes",1,16,4,4,"No"
"1352",0,"female",37,15,"yes",5,14,1,3,"No"
"1358",0,"male",42,4,"yes",4,18,5,5,"No"
"1359",0,"female",32,4,"yes",2,14,1,5,"No"
"1361",0,"male",52,15,"yes",2,14,7,4,"No"
"1364",0,"female",22,1.5,"no",2,16,1,4,"No"
"1368",0,"male",52,15,"yes",4,12,2,4,"No"
"1384",0,"female",22,0.417,"no",3,17,1,5,"No"
"1390",0,"female",22,1.5,"no",2,16,5,5,"No"
"1393",0,"male",27,4,"yes",4,20,6,4,"No"
"1394",0,"female",32,15,"yes",4,14,1,5,"No"
"1402",0,"female",27,1.5,"no",2,16,3,5,"No"
"1407",0,"male",32,4,"no",1,20,6,5,"No"
"1408",0,"male",37,15,"yes",3,20,6,4,"No"
"1412",0,"female",32,10,"no",2,16,6,5,"No"
"1413",0,"female",32,10,"yes",5,14,5,5,"No"
"1416",0,"male",37,1.5,"yes",4,18,5,3,"No"
"1417",0,"male",32,1.5,"no",2,18,4,4,"No"
"1418",0,"female",32,10,"yes",4,14,1,4,"No"
"1419",0,"female",47,15,"yes",4,18,5,4,"No"
"1420",0,"female",27,10,"yes",5,12,1,5,"No"
"1423",0,"male",27,4,"yes",3,16,4,5,"No"
"1424",0,"female",37,15,"yes",4,12,4,2,"No"
"1432",0,"female",27,0.75,"no",4,16,5,5,"No"
"1433",0,"female",37,15,"yes",4,16,1,5,"No"
"1437",0,"female",32,15,"yes",3,16,1,5,"No"
"1438",0,"female",27,10,"yes",2,16,1,5,"No"
"1439",0,"male",27,7,"no",2,20,6,5,"No"
"1446",0,"female",37,15,"yes",2,14,1,3,"No"
"1450",0,"male",27,1.5,"yes",2,17,4,4,"No"
"1451",0,"female",22,0.75,"yes",2,14,1,5,"No"
"1452",0,"male",22,4,"yes",4,14,2,4,"No"
"1453",0,"male",42,0.125,"no",4,17,6,4,"No"
"1456",0,"male",27,1.5,"yes",4,18,6,5,"No"
"1464",0,"male",27,7,"yes",3,16,6,3,"No"
"1469",0,"female",52,15,"yes",4,14,1,3,"No"
"1473",0,"male",27,1.5,"no",5,20,5,2,"No"
"1481",0,"female",27,1.5,"no",2,16,5,5,"No"
"1482",0,"female",27,1.5,"no",3,17,5,5,"No"
"1496",0,"male",22,0.125,"no",5,16,4,4,"No"
"1497",0,"female",27,4,"yes",4,16,1,5,"No"
"1504",0,"female",27,4,"yes",4,12,1,5,"No"
"1513",0,"female",47,15,"yes",2,14,5,5,"No"
"1515",0,"female",32,15,"yes",3,14,5,3,"No"
"1534",0,"male",42,7,"yes",2,16,5,5,"No"
"1535",0,"male",22,0.75,"no",4,16,6,4,"No"
"1536",0,"male",27,0.125,"no",3,20,6,5,"No"
"1540",0,"male",32,10,"yes",3,20,6,5,"No"
"1551",0,"female",22,0.417,"no",5,14,4,5,"No"
"1555",0,"female",47,15,"yes",5,14,1,4,"No"
"1557",0,"female",32,10,"yes",3,14,1,5,"No"
"1566",0,"male",57,15,"yes",4,17,5,5,"No"
"1567",0,"male",27,4,"yes",3,20,6,5,"No"
"1576",0,"female",32,7,"yes",4,17,1,5,"No"
"1584",0,"female",37,10,"yes",4,16,1,5,"No"
"1585",0,"female",32,10,"yes",1,18,1,4,"No"
"1590",0,"female",22,4,"no",3,14,1,4,"No"
"1594",0,"female",27,7,"yes",4,14,3,2,"No"
"1595",0,"male",57,15,"yes",5,18,5,2,"No"
"1603",0,"male",32,7,"yes",2,18,5,5,"No"
"1608",0,"female",27,1.5,"no",4,17,1,3,"No"
"1609",0,"male",22,1.5,"no",4,14,5,5,"No"
"1615",0,"female",22,1.5,"yes",4,14,5,4,"No"
"1616",0,"female",32,7,"yes",3,16,1,5,"No"
"1617",0,"female",47,15,"yes",3,16,5,4,"No"
"1620",0,"female",22,0.75,"no",3,16,1,5,"No"
"1621",0,"female",22,1.5,"yes",2,14,5,5,"No"
"1637",0,"female",27,4,"yes",1,16,5,5,"No"
"1638",0,"male",52,15,"yes",4,16,5,5,"No"
"1650",0,"male",32,10,"yes",4,20,6,5,"No"
"1654",0,"male",47,15,"yes",4,16,6,4,"No"
"1665",0,"female",27,7,"yes",2,14,1,2,"No"
"1670",0,"female",22,1.5,"no",4,14,4,5,"No"
"1671",0,"female",32,10,"yes",2,16,5,4,"No"
"1675",0,"female",22,0.75,"no",2,16,5,4,"No"
"1688",0,"female",22,1.5,"no",2,16,5,5,"No"
"1691",0,"female",42,15,"yes",3,18,6,4,"No"
"1695",0,"female",27,7,"yes",5,14,4,5,"No"
"1698",0,"male",42,15,"yes",4,16,4,4,"No"
"1704",0,"female",57,15,"yes",3,18,5,2,"No"
"1705",0,"male",42,15,"yes",3,18,6,2,"No"
"1711",0,"female",32,7,"yes",2,14,1,2,"No"
"1719",0,"male",22,4,"no",5,12,4,5,"No"
"1723",0,"female",22,1.5,"no",1,16,6,5,"No"
"1726",0,"female",22,0.75,"no",1,14,4,5,"No"
"1749",0,"female",32,15,"yes",4,12,1,5,"No"
"1752",0,"male",22,1.5,"no",2,18,5,3,"No"
"1754",0,"male",27,4,"yes",5,17,2,5,"No"
"1758",0,"female",27,4,"yes",4,12,1,5,"No"
"1761",0,"male",42,15,"yes",5,18,5,4,"No"
"1773",0,"male",32,1.5,"no",2,20,7,3,"No"
"1775",0,"male",57,15,"no",4,9,3,1,"No"
"1786",0,"male",37,7,"no",4,18,5,5,"No"
"1793",0,"male",52,15,"yes",2,17,5,4,"No"
"1799",0,"male",47,15,"yes",4,17,6,5,"No"
"1803",0,"female",27,7,"no",2,17,5,4,"No"
"1806",0,"female",27,7,"yes",4,14,5,5,"No"
"1807",0,"female",22,4,"no",2,14,3,3,"No"
"1808",0,"male",37,7,"yes",2,20,6,5,"No"
"1814",0,"male",27,7,"no",4,12,4,3,"No"
"1815",0,"male",42,10,"yes",4,18,6,4,"No"
"1818",0,"female",22,1.5,"no",3,14,1,5,"No"
"1827",0,"female",22,4,"yes",2,14,1,3,"No"
"1834",0,"female",57,15,"no",4,20,6,5,"No"
"1835",0,"male",37,15,"yes",4,14,4,3,"No"
"1843",0,"female",27,7,"yes",3,18,5,5,"No"
"1846",0,"female",17.5,10,"no",4,14,4,5,"No"
"1850",0,"male",22,4,"yes",4,16,5,5,"No"
"1851",0,"female",27,4,"yes",2,16,1,4,"No"
"1854",0,"female",37,15,"yes",2,14,5,1,"No"
"1859",0,"female",22,1.5,"no",5,14,1,4,"No"
"1861",0,"male",27,7,"yes",2,20,5,4,"No"
"1866",0,"male",27,4,"yes",4,14,5,5,"No"
"1873",0,"male",22,0.125,"no",1,16,3,5,"No"
"1875",0,"female",27,7,"yes",4,14,1,4,"No"
"1885",0,"female",32,15,"yes",5,16,5,3,"No"
"1892",0,"male",32,10,"yes",4,18,5,4,"No"
"1895",0,"female",32,15,"yes",2,14,3,4,"No"
"1896",0,"female",22,1.5,"no",3,17,5,5,"No"
"1897",0,"male",27,4,"yes",4,17,4,4,"No"
"1899",0,"female",52,15,"yes",5,14,1,5,"No"
"1904",0,"female",27,7,"yes",2,12,1,2,"No"
"1905",0,"female",27,7,"yes",3,12,1,4,"No"
"1908",0,"female",42,15,"yes",2,14,1,4,"No"
"1916",0,"female",42,15,"yes",4,14,5,4,"No"
"1918",0,"male",27,7,"yes",4,14,3,3,"No"
"1920",0,"male",27,7,"yes",2,20,6,2,"No"
"1930",0,"female",42,15,"yes",3,12,3,3,"No"
"1940",0,"male",27,4,"yes",3,16,3,5,"No"
"1947",0,"female",27,7,"yes",3,14,1,4,"No"
"1949",0,"female",22,1.5,"no",2,14,4,5,"No"
"1951",0,"female",27,4,"yes",4,14,1,4,"No"
"1952",0,"female",22,4,"no",4,14,5,5,"No"
"1960",0,"female",22,1.5,"no",2,16,4,5,"No"
"9001",0,"male",47,15,"no",4,14,5,4,"No"
"9012",0,"male",37,10,"yes",2,18,6,2,"No"
"9023",0,"male",37,15,"yes",3,17,5,4,"No"
"9029",0,"female",27,4,"yes",2,16,1,4,"No"
"6",3,"male",27,1.5,"no",3,18,4,4,"Yes"
"12",3,"female",27,4,"yes",3,17,1,5,"Yes"
"43",7,"male",37,15,"yes",5,18,6,2,"Yes"
"53",12,"female",32,10,"yes",3,17,5,2,"Yes"
"67",1,"male",22,0.125,"no",4,16,5,5,"Yes"
"79",1,"female",22,1.5,"yes",2,14,1,5,"Yes"
"122",12,"male",37,15,"yes",4,14,5,2,"Yes"
"126",7,"female",22,1.5,"no",2,14,3,4,"Yes"
"133",2,"male",37,15,"yes",2,18,6,4,"Yes"
"138",3,"female",32,15,"yes",4,12,3,2,"Yes"
"154",1,"female",37,15,"yes",4,14,4,2,"Yes"
"159",7,"female",42,15,"yes",3,17,1,4,"Yes"
"174",12,"female",42,15,"yes",5,9,4,1,"Yes"
"176",12,"male",37,10,"yes",2,20,6,2,"Yes"
"181",12,"female",32,15,"yes",3,14,1,2,"Yes"
"182",3,"male",27,4,"no",1,18,6,5,"Yes"
"186",7,"male",37,10,"yes",2,18,7,3,"Yes"
"189",7,"female",27,4,"no",3,17,5,5,"Yes"
"204",1,"male",42,15,"yes",4,16,5,5,"Yes"
"215",1,"female",47,15,"yes",5,14,4,5,"Yes"
"232",7,"female",27,4,"yes",3,18,5,4,"Yes"
"233",1,"female",27,7,"yes",5,14,1,4,"Yes"
"252",12,"male",27,1.5,"yes",3,17,5,4,"Yes"
"253",12,"female",27,7,"yes",4,14,6,2,"Yes"
"274",3,"female",42,15,"yes",4,16,5,4,"Yes"
"275",7,"female",27,10,"yes",4,12,7,3,"Yes"
"287",1,"male",27,1.5,"no",2,18,5,2,"Yes"
"288",1,"male",32,4,"no",4,20,6,4,"Yes"
"325",1,"female",27,7,"yes",3,14,1,3,"Yes"
"328",3,"female",32,10,"yes",4,14,1,4,"Yes"
"344",3,"male",27,4,"yes",2,18,7,2,"Yes"
"353",1,"female",17.5,0.75,"no",5,14,4,5,"Yes"
"354",1,"female",32,10,"yes",4,18,1,5,"Yes"
"367",7,"female",32,7,"yes",2,17,6,4,"Yes"
"369",7,"male",37,15,"yes",2,20,6,4,"Yes"
"390",7,"female",37,10,"no",1,20,5,3,"Yes"
"392",12,"female",32,10,"yes",2,16,5,5,"Yes"
"423",7,"male",52,15,"yes",2,20,6,4,"Yes"
"432",7,"female",42,15,"yes",1,12,1,3,"Yes"
"436",1,"male",52,15,"yes",2,20,6,3,"Yes"
"483",2,"male",37,15,"yes",3,18,6,5,"Yes"
"513",12,"female",22,4,"no",3,12,3,4,"Yes"
"516",12,"male",27,7,"yes",1,18,6,2,"Yes"
"518",1,"male",27,4,"yes",3,18,5,5,"Yes"
"520",12,"male",47,15,"yes",4,17,6,5,"Yes"
"526",12,"female",42,15,"yes",4,12,1,1,"Yes"
"528",7,"male",27,4,"no",3,14,3,4,"Yes"
"553",7,"female",32,7,"yes",4,18,4,5,"Yes"
"576",1,"male",32,0.417,"yes",3,12,3,4,"Yes"
"611",3,"male",47,15,"yes",5,16,5,4,"Yes"
"625",12,"male",37,15,"yes",2,20,5,4,"Yes"
"635",7,"male",22,4,"yes",2,17,6,4,"Yes"
"646",1,"male",27,4,"no",2,14,4,5,"Yes"
"657",7,"female",52,15,"yes",5,16,1,3,"Yes"
"659",1,"male",27,4,"no",3,14,3,3,"Yes"
"666",1,"female",27,10,"yes",4,16,1,4,"Yes"
"679",1,"male",32,7,"yes",3,14,7,4,"Yes"
"729",7,"male",32,7,"yes",2,18,4,1,"Yes"
"755",3,"male",22,1.5,"no",1,14,3,2,"Yes"
"758",7,"male",22,4,"yes",3,18,6,4,"Yes"
"770",7,"male",42,15,"yes",4,20,6,4,"Yes"
"786",2,"female",57,15,"yes",1,18,5,4,"Yes"
"797",7,"female",32,4,"yes",3,18,5,2,"Yes"
"811",1,"male",27,4,"yes",1,16,4,4,"Yes"
"834",7,"male",32,7,"yes",4,16,1,4,"Yes"
"858",2,"male",57,15,"yes",1,17,4,4,"Yes"
"885",7,"female",42,15,"yes",4,14,5,2,"Yes"
"893",7,"male",37,10,"yes",1,18,5,3,"Yes"
"927",3,"male",42,15,"yes",3,17,6,1,"Yes"
"928",1,"female",52,15,"yes",3,14,4,4,"Yes"
"933",2,"female",27,7,"yes",3,17,5,3,"Yes"
"951",12,"male",32,7,"yes",2,12,4,2,"Yes"
"968",1,"male",22,4,"no",4,14,2,5,"Yes"
"972",3,"male",27,7,"yes",3,18,6,4,"Yes"
"975",12,"female",37,15,"yes",1,18,5,5,"Yes"
"977",7,"female",32,15,"yes",3,17,1,3,"Yes"
"981",7,"female",27,7,"no",2,17,5,5,"Yes"
"986",1,"female",32,7,"yes",3,17,5,3,"Yes"
"1002",1,"male",32,1.5,"yes",2,14,2,4,"Yes"
"1007",12,"female",42,15,"yes",4,14,1,2,"Yes"
"1011",7,"male",32,10,"yes",3,14,5,4,"Yes"
"1035",7,"male",37,4,"yes",1,20,6,3,"Yes"
"1050",1,"female",27,4,"yes",2,16,5,3,"Yes"
"1056",12,"female",42,15,"yes",3,14,4,3,"Yes"
"1057",1,"male",27,10,"yes",5,20,6,5,"Yes"
"1075",12,"male",37,10,"yes",2,20,6,2,"Yes"
"1080",12,"female",27,7,"yes",1,14,3,3,"Yes"
"1125",3,"female",27,7,"yes",4,12,1,2,"Yes"
"1131",3,"male",32,10,"yes",2,14,4,4,"Yes"
"1138",12,"female",17.5,0.75,"yes",2,12,1,3,"Yes"
"1150",12,"female",32,15,"yes",3,18,5,4,"Yes"
"1163",2,"female",22,7,"no",4,14,4,3,"Yes"
"1169",1,"male",32,7,"yes",4,20,6,5,"Yes"
"1198",7,"male",27,4,"yes",2,18,6,2,"Yes"
"1204",1,"female",22,1.5,"yes",5,14,5,3,"Yes"
"1218",12,"female",32,15,"no",3,17,5,1,"Yes"
"1230",12,"female",42,15,"yes",2,12,1,2,"Yes"
"1236",7,"male",42,15,"yes",3,20,5,4,"Yes"
"1247",12,"male",32,10,"no",2,18,4,2,"Yes"
"1259",12,"female",32,15,"yes",3,9,1,1,"Yes"
"1294",7,"male",57,15,"yes",5,20,4,5,"Yes"
"1353",12,"male",47,15,"yes",4,20,6,4,"Yes"
"1370",2,"female",42,15,"yes",2,17,6,3,"Yes"
"1427",12,"male",37,15,"yes",3,17,6,3,"Yes"
"1445",12,"male",37,15,"yes",5,17,5,2,"Yes"
"1460",7,"male",27,10,"yes",2,20,6,4,"Yes"
"1480",2,"male",37,15,"yes",2,16,5,4,"Yes"
"1505",12,"female",32,15,"yes",1,14,5,2,"Yes"
"1543",7,"male",32,10,"yes",3,17,6,3,"Yes"
"1548",2,"male",37,15,"yes",4,18,5,1,"Yes"
"1550",7,"female",27,1.5,"no",2,17,5,5,"Yes"
"1561",3,"female",47,15,"yes",2,17,5,2,"Yes"
"1564",12,"male",37,15,"yes",2,17,5,4,"Yes"
"1573",12,"female",27,4,"no",2,14,5,5,"Yes"
"1575",2,"female",27,10,"yes",4,14,1,5,"Yes"
"1599",1,"female",22,4,"yes",3,16,1,3,"Yes"
"1622",12,"male",52,7,"no",4,16,5,5,"Yes"
"1629",2,"female",27,4,"yes",1,16,3,5,"Yes"
"1664",7,"female",37,15,"yes",2,17,6,4,"Yes"
"1669",2,"female",27,4,"no",1,17,3,1,"Yes"
"1674",12,"female",17.5,0.75,"yes",2,12,3,5,"Yes"
"1682",7,"female",32,15,"yes",5,18,5,4,"Yes"
"1685",7,"female",22,4,"no",1,16,3,5,"Yes"
"1697",2,"male",32,4,"yes",4,18,6,4,"Yes"
"1716",1,"female",22,1.5,"yes",3,18,5,2,"Yes"
"1730",3,"female",42,15,"yes",2,17,5,4,"Yes"
"1731",1,"male",32,7,"yes",4,16,4,4,"Yes"
"1732",12,"male",37,15,"no",3,14,6,2,"Yes"
"1743",1,"male",42,15,"yes",3,16,6,3,"Yes"
"1751",1,"male",27,4,"yes",1,18,5,4,"Yes"
"1757",2,"male",37,15,"yes",4,20,7,3,"Yes"
"1763",7,"male",37,15,"yes",3,20,6,4,"Yes"
"1766",3,"male",22,1.5,"no",2,12,3,3,"Yes"
"1772",3,"male",32,4,"yes",3,20,6,2,"Yes"
"1776",2,"male",32,15,"yes",5,20,6,5,"Yes"
"1782",12,"female",52,15,"yes",1,18,5,5,"Yes"
"1784",12,"male",47,15,"no",1,18,6,5,"Yes"
"1791",3,"female",32,15,"yes",4,16,4,4,"Yes"
"1831",7,"female",32,15,"yes",3,14,3,2,"Yes"
"1840",7,"female",27,7,"yes",4,16,1,2,"Yes"
"1844",12,"male",42,15,"yes",3,18,6,2,"Yes"
"1856",7,"female",42,15,"yes",2,14,3,2,"Yes"
"1876",12,"male",27,7,"yes",2,17,5,4,"Yes"
"1929",3,"male",32,10,"yes",4,14,4,3,"Yes"
"1935",7,"male",47,15,"yes",3,16,4,2,"Yes"
"1938",1,"male",22,1.5,"yes",1,12,2,5,"Yes"
"1941",7,"female",32,10,"yes",2,18,5,4,"Yes"
"1954",2,"male",32,10,"yes",2,17,6,5,"Yes"
"1959",2,"male",22,7,"yes",3,18,6,2,"Yes"
"9010",1,"female",32,15,"yes",3,14,1,5,"Yes"
